file,region_id,start_datetime,stop_datetime,genotype,age,food
Monitor12.txt,1,06/07/2020 19:00,29/07/2020 19:00,elavG4_UASAbArc,12,NF
Monitor12.txt,2,06/07/2020 19:00,29/07/2020 19:00,elavG4_UASAbArc,12,NF
Monitor12.txt,3,06/07/2020 19:00,29/07/2020 19:00,elavG4_UASAbArc,12,NF
Monitor12.txt,4,06/07/2020 19:00,29/07/2020 19:00,elavG4_UASAbArc,12,NF
Monitor12.txt,5,06/07/2020 19:00,29/07/2020 19:00,elavG4_UASAbArc,12,NF
Monitor12.txt,6,06/07/2020 19:00,29/07/2020 19:00,elavG4_UASAbArc,12,NF
Monitor12.txt,7,06/07/2020 19:00,29/07/2020 19:00,elavG4_UASAbArc,12,NF
Monitor12.txt,8,06/07/2020 19:00,29/07/2020 19:00,elavG4_UASAbArc,12,NF
Monitor12.txt,9,06/07/2020 19:00,29/07/2020 19:00,elavG4_UASAbArc,12,NF
Monitor12.txt,10,06/07/2020 19:00,29/07/2020 19:00,elavG4_UASAbArc,12,NF
Monitor12.txt,11,06/07/2020 19:00,29/07/2020 19:00,elavG4_UASAbArc,12,NF
Monitor12.txt,12,06/07/2020 19:00,29/07/2020 19:00,elavG4_UASAbArc,12,NF
Monitor12.txt,13,06/07/2020 19:00,29/07/2020 19:00,elavG4_UASAbArc,12,NF
Monitor12.txt,14,06/07/2020 19:00,29/07/2020 19:00,elavG4_UASAbArc,12,NF
Monitor12.txt,15,06/07/2020 19:00,29/07/2020 19:00,elavG4_UASAbArc,12,NF
Monitor12.txt,16,06/07/2020 19:00,29/07/2020 19:00,elavG4_UASAbArc,12,NF
Monitor12.txt,17,06/07/2020 19:00,29/07/2020 19:00,elavG4_UASAbArc,12,NF
Monitor12.txt,18,06/07/2020 19:00,29/07/2020 19:00,elavG4_UASAbArc,12,NF
Monitor12.txt,19,06/07/2020 19:00,29/07/2020 19:00,elavG4_UASAbArc,12,NF
Monitor12.txt,20,06/07/2020 19:00,29/07/2020 19:00,elavG4_UASAbArc,12,NF
Monitor12.txt,21,06/07/2020 19:00,29/07/2020 19:00,elavG4_UASAbArc,12,NF
Monitor12.txt,22,06/07/2020 19:00,29/07/2020 19:00,elavG4_UASAbArc,12,NF
Monitor12.txt,23,06/07/2020 19:00,29/07/2020 19:00,elavG4_UASAbArc,12,NF
Monitor12.txt,24,06/07/2020 19:00,29/07/2020 19:00,elavG4_UASAbArc,12,NF
Monitor12.txt,25,06/07/2020 19:00,29/07/2020 19:00,elavG4_UASAbArc,12,NF
Monitor12.txt,26,06/07/2020 19:00,29/07/2020 19:00,elavG4_UASAbArc,12,NF
Monitor12.txt,27,06/07/2020 19:00,29/07/2020 19:00,elavG4_UASAbArc,12,NF
Monitor12.txt,28,06/07/2020 19:00,29/07/2020 19:00,elavG4_UASAbArc,12,NF
Monitor12.txt,29,06/07/2020 19:00,29/07/2020 19:00,elavG4_UASAbArc,12,NF
Monitor12.txt,30,06/07/2020 19:00,29/07/2020 19:00,elavG4_UASAbArc,12,NF
Monitor12.txt,31,06/07/2020 19:00,29/07/2020 19:00,elavG4_UASAbArc,12,NF
Monitor12.txt,32,06/07/2020 19:00,29/07/2020 19:00,elavG4_UASAbArc,12,NF
Monitor13.txt,1,06/07/2020 19:00,29/07/2020 19:00,elavG4_51D,12,NF
Monitor13.txt,2,06/07/2020 19:00,29/07/2020 19:00,elavG4_51D,12,NF
Monitor13.txt,3,06/07/2020 19:00,29/07/2020 19:00,elavG4_51D,12,NF
Monitor13.txt,4,06/07/2020 19:00,29/07/2020 19:00,elavG4_51D,12,NF
Monitor13.txt,5,06/07/2020 19:00,29/07/2020 19:00,elavG4_51D,12,NF
Monitor13.txt,6,06/07/2020 19:00,29/07/2020 19:00,elavG4_51D,12,NF
Monitor13.txt,7,06/07/2020 19:00,29/07/2020 19:00,elavG4_51D,12,NF
Monitor13.txt,8,06/07/2020 19:00,29/07/2020 19:00,elavG4_51D,12,NF
Monitor13.txt,9,06/07/2020 19:00,29/07/2020 19:00,elavG4_51D,12,NF
Monitor13.txt,10,06/07/2020 19:00,29/07/2020 19:00,elavG4_51D,12,NF
Monitor13.txt,11,06/07/2020 19:00,29/07/2020 19:00,elavG4_51D,12,NF
Monitor13.txt,12,06/07/2020 19:00,29/07/2020 19:00,elavG4_51D,12,NF
Monitor13.txt,13,06/07/2020 19:00,29/07/2020 19:00,elavG4_51D,12,NF
Monitor13.txt,14,06/07/2020 19:00,29/07/2020 19:00,elavG4_51D,12,NF
Monitor13.txt,15,06/07/2020 19:00,29/07/2020 19:00,elavG4_51D,12,NF
Monitor13.txt,16,06/07/2020 19:00,29/07/2020 19:00,elavG4_51D,12,NF
Monitor13.txt,17,06/07/2020 19:00,29/07/2020 19:00,elavG4_51D,12,NF
Monitor13.txt,18,06/07/2020 19:00,29/07/2020 19:00,elavG4_51D,12,NF
Monitor13.txt,19,06/07/2020 19:00,29/07/2020 19:00,elavG4_51D,12,NF
Monitor13.txt,20,06/07/2020 19:00,29/07/2020 19:00,elavG4_51D,12,NF
Monitor13.txt,21,06/07/2020 19:00,29/07/2020 19:00,elavG4_51D,12,NF
Monitor13.txt,22,06/07/2020 19:00,29/07/2020 19:00,elavG4_51D,12,NF
Monitor13.txt,23,06/07/2020 19:00,29/07/2020 19:00,elavG4_51D,12,NF
Monitor13.txt,24,06/07/2020 19:00,29/07/2020 19:00,elavG4_51D,12,NF
Monitor13.txt,25,06/07/2020 19:00,29/07/2020 19:00,elavG4_51D,12,NF
Monitor13.txt,26,06/07/2020 19:00,29/07/2020 19:00,elavG4_51D,12,NF
Monitor13.txt,27,06/07/2020 19:00,29/07/2020 19:00,elavG4_51D,12,NF
Monitor13.txt,28,06/07/2020 19:00,29/07/2020 19:00,elavG4_51D,12,NF
Monitor13.txt,29,06/07/2020 19:00,29/07/2020 19:00,elavG4_51D,12,NF
Monitor13.txt,30,06/07/2020 19:00,29/07/2020 19:00,elavG4_51D,12,NF
Monitor13.txt,31,06/07/2020 19:00,29/07/2020 19:00,elavG4_51D,12,NF
Monitor13.txt,32,06/07/2020 19:00,29/07/2020 19:00,elavG4_51D,12,NF
Monitor14.txt,1,06/07/2020 19:00,29/07/2020 19:00,elavG4_UASAbArc_parpCH1,12,NF
Monitor14.txt,2,06/07/2020 19:00,29/07/2020 19:00,elavG4_UASAbArc_parpCH1,12,NF
Monitor14.txt,3,06/07/2020 19:00,29/07/2020 19:00,elavG4_UASAbArc_parpCH1,12,NF
Monitor14.txt,4,06/07/2020 19:00,29/07/2020 19:00,elavG4_UASAbArc_parpCH1,12,NF
Monitor14.txt,5,06/07/2020 19:00,29/07/2020 19:00,elavG4_UASAbArc_parpCH1,12,NF
Monitor14.txt,6,06/07/2020 19:00,29/07/2020 19:00,elavG4_UASAbArc_parpCH1,12,NF
Monitor14.txt,7,06/07/2020 19:00,29/07/2020 19:00,elavG4_UASAbArc_parpCH1,12,NF
Monitor14.txt,8,06/07/2020 19:00,29/07/2020 19:00,elavG4_UASAbArc_parpCH1,12,NF
Monitor14.txt,9,06/07/2020 19:00,29/07/2020 19:00,elavG4_UASAbArc_parpCH1,12,NF
Monitor14.txt,10,06/07/2020 19:00,29/07/2020 19:00,elavG4_UASAbArc_parpCH1,12,NF
Monitor14.txt,11,06/07/2020 19:00,29/07/2020 19:00,elavG4_UASAbArc_parpCH1,12,NF
Monitor14.txt,12,06/07/2020 19:00,29/07/2020 19:00,elavG4_UASAbArc_parpCH1,12,NF
Monitor14.txt,13,06/07/2020 19:00,29/07/2020 19:00,elavG4_UASAbArc_parpCH1,12,NF
Monitor14.txt,14,06/07/2020 19:00,29/07/2020 19:00,elavG4_UASAbArc_parpCH1,12,NF
Monitor14.txt,15,06/07/2020 19:00,29/07/2020 19:00,elavG4_UASAbArc_parpCH1,12,NF
Monitor14.txt,16,06/07/2020 19:00,29/07/2020 19:00,elavG4_UASAbArc_parpCH1,12,NF
Monitor14.txt,17,06/07/2020 19:00,29/07/2020 19:00,elavG4_UASAbArc_parpCH1,12,NF
Monitor14.txt,18,06/07/2020 19:00,29/07/2020 19:00,elavG4_UASAbArc_parpCH1,12,NF
Monitor14.txt,19,06/07/2020 19:00,29/07/2020 19:00,elavG4_UASAbArc_parpCH1,12,NF
Monitor14.txt,20,06/07/2020 19:00,29/07/2020 19:00,elavG4_UASAbArc_parpCH1,12,NF
Monitor14.txt,21,06/07/2020 19:00,29/07/2020 19:00,elavG4_UASAbArc_parpCH1,12,NF
Monitor14.txt,22,06/07/2020 19:00,29/07/2020 19:00,elavG4_UASAbArc_parpCH1,12,NF
Monitor14.txt,23,06/07/2020 19:00,29/07/2020 19:00,elavG4_UASAbArc_parpCH1,12,NF
Monitor14.txt,24,06/07/2020 19:00,29/07/2020 19:00,elavG4_UASAbArc_parpCH1,12,NF
Monitor14.txt,25,06/07/2020 19:00,29/07/2020 19:00,elavG4_UASAbArc_parpCH1,12,NF
Monitor14.txt,26,06/07/2020 19:00,29/07/2020 19:00,elavG4_UASAbArc_parpCH1,12,NF
Monitor14.txt,27,06/07/2020 19:00,29/07/2020 19:00,elavG4_UASAbArc_parpCH1,12,NF
Monitor14.txt,28,06/07/2020 19:00,29/07/2020 19:00,elavG4_UASAbArc_parpCH1,12,NF
Monitor14.txt,29,06/07/2020 19:00,29/07/2020 19:00,elavG4_UASAbArc_parpCH1,12,NF
Monitor14.txt,30,06/07/2020 19:00,29/07/2020 19:00,elavG4_UASAbArc_parpCH1,12,NF
Monitor14.txt,31,06/07/2020 19:00,29/07/2020 19:00,elavG4_UASAbArc_parpCH1,12,NF
Monitor14.txt,32,06/07/2020 19:00,29/07/2020 19:00,elavG4_UASAbArc_parpCH1,12,NF
Monitor15.txt,1,06/07/2020 19:00,29/07/2020 19:00,elavG4_AbArc_dNK,12,NF
Monitor15.txt,2,06/07/2020 19:00,29/07/2020 19:00,elavG4_AbArc_dNK,12,NF
Monitor15.txt,3,06/07/2020 19:00,29/07/2020 19:00,elavG4_AbArc_dNK,12,NF
Monitor15.txt,4,06/07/2020 19:00,29/07/2020 19:00,elavG4_AbArc_dNK,12,NF
Monitor15.txt,5,06/07/2020 19:00,29/07/2020 19:00,elavG4_AbArc_dNK,12,NF
Monitor15.txt,6,06/07/2020 19:00,29/07/2020 19:00,elavG4_AbArc_dNK,12,NF
Monitor15.txt,7,06/07/2020 19:00,29/07/2020 19:00,elavG4_AbArc_dNK,12,NF
Monitor15.txt,8,06/07/2020 19:00,29/07/2020 19:00,elavG4_AbArc_dNK,12,NF
Monitor15.txt,9,06/07/2020 19:00,29/07/2020 19:00,elavG4_AbArc_dNK,12,NF
Monitor15.txt,10,06/07/2020 19:00,29/07/2020 19:00,elavG4_AbArc_dNK,12,NF
Monitor15.txt,11,06/07/2020 19:00,29/07/2020 19:00,elavG4_AbArc_dNK,12,NF
Monitor15.txt,12,06/07/2020 19:00,29/07/2020 19:00,elavG4_AbArc_dNK,12,NF
Monitor15.txt,13,06/07/2020 19:00,29/07/2020 19:00,elavG4_AbArc_dNK,12,NF
Monitor15.txt,14,06/07/2020 19:00,29/07/2020 19:00,elavG4_AbArc_dNK,12,NF
Monitor15.txt,15,06/07/2020 19:00,29/07/2020 19:00,elavG4_AbArc_dNK,12,NF
Monitor15.txt,16,06/07/2020 19:00,29/07/2020 19:00,elavG4_AbArc_dNK,12,NF
Monitor15.txt,17,06/07/2020 19:00,29/07/2020 19:00,elavG4_AbArc_dNK,12,NF
Monitor15.txt,18,06/07/2020 19:00,29/07/2020 19:00,elavG4_AbArc_dNK,12,NF
Monitor15.txt,19,06/07/2020 19:00,29/07/2020 19:00,elavG4_AbArc_dNK,12,NF
Monitor15.txt,20,06/07/2020 19:00,29/07/2020 19:00,elavG4_AbArc_dNK,12,NF
Monitor15.txt,21,06/07/2020 19:00,29/07/2020 19:00,elavG4_AbArc_dNK,12,NF
Monitor15.txt,22,06/07/2020 19:00,29/07/2020 19:00,elavG4_AbArc_dNK,12,NF
Monitor15.txt,23,06/07/2020 19:00,29/07/2020 19:00,elavG4_AbArc_dNK,12,NF
Monitor15.txt,24,06/07/2020 19:00,29/07/2020 19:00,elavG4_AbArc_dNK,12,NF
Monitor15.txt,25,06/07/2020 19:00,29/07/2020 19:00,elavG4_AbArc_dNK,12,NF
Monitor15.txt,26,06/07/2020 19:00,29/07/2020 19:00,elavG4_AbArc_dNK,12,NF
Monitor15.txt,27,06/07/2020 19:00,29/07/2020 19:00,elavG4_AbArc_dNK,12,NF
Monitor15.txt,28,06/07/2020 19:00,29/07/2020 19:00,elavG4_AbArc_dNK,12,NF
Monitor15.txt,29,06/07/2020 19:00,29/07/2020 19:00,elavG4_AbArc_dNK,12,NF
Monitor15.txt,30,06/07/2020 19:00,29/07/2020 19:00,elavG4_AbArc_dNK,12,NF
Monitor15.txt,31,06/07/2020 19:00,29/07/2020 19:00,elavG4_AbArc_dNK,12,NF
Monitor15.txt,32,06/07/2020 19:00,29/07/2020 19:00,elavG4_AbArc_dNK,12,NF
Monitor18.txt,1,06/07/2020 19:00,29/07/2020 19:00,elavG4_AbArc_RelE20,12,NF
Monitor18.txt,2,06/07/2020 19:00,29/07/2020 19:00,elavG4_AbArc_RelE20,12,NF
Monitor18.txt,3,06/07/2020 19:00,29/07/2020 19:00,elavG4_AbArc_RelE20,12,NF
Monitor18.txt,4,06/07/2020 19:00,29/07/2020 19:00,elavG4_AbArc_RelE20,12,NF
Monitor18.txt,5,06/07/2020 19:00,29/07/2020 19:00,elavG4_AbArc_RelE20,12,NF
Monitor18.txt,6,06/07/2020 19:00,29/07/2020 19:00,elavG4_AbArc_RelE20,12,NF
Monitor18.txt,7,06/07/2020 19:00,29/07/2020 19:00,elavG4_AbArc_RelE20,12,NF
Monitor18.txt,8,06/07/2020 19:00,29/07/2020 19:00,elavG4_AbArc_RelE20,12,NF
Monitor18.txt,9,06/07/2020 19:00,29/07/2020 19:00,elavG4_AbArc_RelE20,12,NF
Monitor18.txt,10,06/07/2020 19:00,29/07/2020 19:00,elavG4_AbArc_RelE20,12,NF
Monitor18.txt,11,06/07/2020 19:00,29/07/2020 19:00,elavG4_AbArc_RelE20,12,NF
Monitor18.txt,12,06/07/2020 19:00,29/07/2020 19:00,elavG4_AbArc_RelE20,12,NF
Monitor18.txt,13,06/07/2020 19:00,29/07/2020 19:00,elavG4_AbArc_RelE20,12,NF
Monitor18.txt,14,06/07/2020 19:00,29/07/2020 19:00,elavG4_AbArc_RelE20,12,NF
Monitor18.txt,15,06/07/2020 19:00,29/07/2020 19:00,elavG4_AbArc_RelE20,12,NF
Monitor18.txt,16,06/07/2020 19:00,29/07/2020 19:00,elavG4_AbArc_RelE20,12,NF
Monitor18.txt,17,06/07/2020 19:00,29/07/2020 19:00,elavG4_AbArc_RelE20,12,NF
Monitor18.txt,18,06/07/2020 19:00,29/07/2020 19:00,elavG4_AbArc_RelE20,12,NF
Monitor18.txt,19,06/07/2020 19:00,29/07/2020 19:00,elavG4_AbArc_RelE20,12,NF
Monitor18.txt,20,06/07/2020 19:00,29/07/2020 19:00,elavG4_AbArc_RelE20,12,NF
Monitor18.txt,21,06/07/2020 19:00,29/07/2020 19:00,elavG4_AbArc_RelE20,12,NF
Monitor18.txt,22,06/07/2020 19:00,29/07/2020 19:00,elavG4_AbArc_RelE20,12,NF
Monitor18.txt,23,06/07/2020 19:00,29/07/2020 19:00,elavG4_AbArc_RelE20,12,NF
Monitor18.txt,24,06/07/2020 19:00,29/07/2020 19:00,elavG4_AbArc_RelE20,12,NF
Monitor18.txt,25,06/07/2020 19:00,29/07/2020 19:00,elavG4_AbArc_RelE20,12,NF
Monitor18.txt,26,06/07/2020 19:00,29/07/2020 19:00,elavG4_AbArc_RelE20,12,NF
Monitor18.txt,27,06/07/2020 19:00,29/07/2020 19:00,elavG4_AbArc_RelE20,12,NF
Monitor18.txt,28,06/07/2020 19:00,29/07/2020 19:00,elavG4_AbArc_RelE20,12,NF
Monitor18.txt,29,06/07/2020 19:00,29/07/2020 19:00,elavG4_AbArc_RelE20,12,NF
Monitor18.txt,30,06/07/2020 19:00,29/07/2020 19:00,elavG4_AbArc_RelE20,12,NF
Monitor18.txt,31,06/07/2020 19:00,29/07/2020 19:00,elavG4_AbArc_RelE20,12,NF
Monitor18.txt,32,06/07/2020 19:00,29/07/2020 19:00,elavG4_AbArc_RelE20,12,NF